title,channel,views
The First Roar - Jana Nayagan | Thalapathy Vijay | H Vinoth | Anirudh | Pooja Hegde | KVN,KVN PRODUCTIONS,27877502
The Fantastic Four: First Steps | Final Trailer | Only in Theaters July 25,Marvel Entertainment,6737094
Chikitu - Official Music Video | COOLIE | Superstar Rajinikanth | Sun Pictures | Lokesh | Anirudh,Sun TV,5695331
NEW! Ep 4433 - Purush Mandli ki Party pe à¤­à¥‚à¤¤à¤¨à¥€ à¤•à¤¾ à¤¸à¤¾à¤¯à¤¾? | Taarak Mehta ka Ooltah Chashmah,Taarak Mehta Ka Ooltah Chashmah,4326534
Spying on baby in his SCHOOL ðŸ˜² *Shocking*,Wanderers Hub,3043044
Salman Khan Roars on The Great Indian Kapil Show - Unfiltered Fun! | TGIKS S03 | Bacha Hua Content,Kapil Sharma,2212144
BLACKPINK WORLD TOUR [DEADLINE] TRAILER,BLACKPINK,2155931
West Indies vs Australia | Australia Tour of West Indies | 2025 | 1st Test | Day 1 | Highlights,FanCode,1222231
Rollar  Mahendra//Odia Comedy//4k//Funny Angulia//Khordha Toka//Krishna Rout,Funny Angulia,848152
Maargan - First 6 Minutes (Tamil) | Vijay Antony | Ajay Dhishan | Leo John Paul | #MaarganFromJune27,Vijay Antony,498558
