video_id,title,channel,published_at,views
rsJ-LGpE7Lc,Chikitu - Official Music Video | COOLIE | Superstar Rajinikanth | Sun Pictures | Lokesh | Anirudh,Sun TV,2025-06-25T12:30:48Z,5695331
UPcXVBI2ro4,NEW! Ep 4433 - Purush Mandli ki Party pe à¤­à¥‚à¤¤à¤¨à¥€ à¤•à¤¾ à¤¸à¤¾à¤¯à¤¾? | Taarak Mehta ka Ooltah Chashmah,Taarak Mehta Ka Ooltah Chashmah,2025-06-25T15:30:29Z,4326534
XTXQs14Uyp8,West Indies vs Australia | Australia Tour of West Indies | 2025 | 1st Test | Day 1 | Highlights,FanCode,2025-06-26T01:38:13Z,1222231
TWCmkh9ABT0,Rollar  Mahendra//Odia Comedy//4k//Funny Angulia//Khordha Toka//Krishna Rout,Funny Angulia,2025-06-25T06:31:24Z,848152
jJwoylleoZk,Spying on baby in his SCHOOL ðŸ˜² *Shocking*,Wanderers Hub,2025-06-25T05:40:06Z,3043044
MKUDHKf_pkg,The First Roar - Jana Nayagan | Thalapathy Vijay | H Vinoth | Anirudh | Pooja Hegde | KVN,KVN PRODUCTIONS,2025-06-21T18:29:57Z,27877502
18QQWa5MEcs,The Fantastic Four: First Steps | Final Trailer | Only in Theaters July 25,Marvel Entertainment,2025-06-25T13:00:01Z,6737094
ZUgQA5bRVFI,Maargan - First 6 Minutes (Tamil) | Vijay Antony | Ajay Dhishan | Leo John Paul | #MaarganFromJune27,Vijay Antony,2025-06-25T12:29:06Z,498558
Kowpx5f-bqQ,Salman Khan Roars on The Great Indian Kapil Show - Unfiltered Fun! | TGIKS S03 | Bacha Hua Content,Kapil Sharma,2025-06-24T05:30:07Z,2212144
8YiR9v3sOpk,BLACKPINK WORLD TOUR [DEADLINE] TRAILER,BLACKPINK,2025-06-26T00:00:12Z,2155931
